Nkx2-1-CreERT2,561515555
Slc32a1-T2A-FlpO|Vipr2-IRES2-Cre,593253205
Pvalb-IRES-Cre,488440436
Pvalb-IRES-Cre,482444444
Ndnf-IRES2-dgCre,564409183
Slc32a1-T2A-FlpO|Vipr2-IRES2-Cre,586073683
Cux2-CreERT2,487352877
Pvalb-IRES-Cre,510706277
Pvalb-IRES-Cre,485630699
Pvalb-IRES-Cre,510715606
Pvalb-IRES-Cre,569723367
Pvalb-IRES-Cre,478958894
Pvalb-IRES-Cre,488707768
Sst-IRES-Cre,313862167
Slc32a1-T2A-FlpO|Vipr2-IRES2-Cre,585832440
Slc32a1-T2A-FlpO|Vipr2-IRES2-Cre,596808442
Vipr2-IRES2-Cre,573404307
Chrna2-Cre_OE25,569457730
Htr3a-Cre_NO152|Pvalb-T2A-Dre,580162374
Pvalb-IRES-Cre,571314481
Pvalb-IRES-Cre,491038812
Chrna2-Cre_OE25,569960365
Nkx2-1-CreERT2,566756038
Gad2-IRES-Cre,323535089
Pvalb-IRES-Cre,574067499
Pvalb-IRES-Cre,330154280
Pvalb-IRES-Cre,485184849
Pvalb-IRES-Cre,591268268
Pvalb-IRES-Cre,478795872
Slc32a1-T2A-FlpO|Vipr2-IRES2-Cre,609775336
Rorb-IRES2-Cre,486513293
Sst-IRES-Cre,475580568
Pvalb-IRES-Cre,479298854
Htr3a-Cre_NO152|Pvalb-T2A-Dre,586366106
Pvalb-IRES-Cre,471087830
Pvalb-IRES-Cre,321707833
Pvalb-IRES-Cre,321707905
Slc32a1-T2A-FlpO|Vipr2-IRES2-Cre,585952606
Pvalb-IRES-Cre,321708130
Scnn1a-Tg2-Cre,478891084
Pvalb-IRES-Cre,484635029
Nkx2-1-CreERT2,554807988
Pvalb-IRES-Cre,478949560
Pvalb-IRES-Cre,569723405
Slc32a1-T2A-FlpO|Vipr2-IRES2-Cre,609435731
Ndnf-IRES2-dgCre,569251652
Pvalb-IRES-Cre,581404810
Pvalb-IRES-Cre,487400838
Pvalb-IRES-Cre,487306716
Nkx2-1-CreERT2,566674875
Nkx2-1-CreERT2,566305266
Pvalb-IRES-Cre,321704734
Sst-IRES-Cre,473540161
Vipr2-IRES2-Cre,579662957
Scnn1a-Tg2-Cre,467782778
Slc32a1-T2A-FlpO|Vipr2-IRES2-Cre,609183903
Pvalb-IRES-Cre,485048967
Rorb-IRES2-Cre,488491186
Chrna2-Cre_OE25|Pvalb-T2A-Dre,593618144
Pvalb-IRES-Cre,396369826
Pvalb-IRES-Cre,488501071
Htr3a-Cre_NO152|Pvalb-T2A-Dre,580161872
Slc32a1-T2A-FlpO|Vipr2-IRES2-Cre,585947309
Sst-IRES-Cre,475068599
Pvalb-IRES-Cre,573948335
Nkx2-1-CreERT2,561517025
Pvalb-IRES-Cre,567446579
Rorb-IRES2-Cre,488697964
Pvalb-IRES-Cre,471077857
Slc32a1-T2A-FlpO|Vipr2-IRES2-Cre,585948651
Pvalb-IRES-Cre,320247631
Slc32a1-T2A-FlpO|Vipr2-IRES2-Cre,585841870
Pvalb-IRES-Cre,488440893
Pvalb-IRES-Cre,569749430
Pvalb-IRES-Cre,500864898
Sst-IRES-Cre,482690728
Gad2-IRES-Cre,396963717
Sst-IRES-Cre,490908575
Pvalb-IRES-Cre,318553131
Pvalb-IRES-Cre,571311039
Pvalb-IRES-Cre,341442651
Oxtr-T2A-Cre,565866518
Pvalb-IRES-Cre,486777819
Pvalb-IRES-Cre,464368713
Pvalb-IRES-Cre,475550148
Pvalb-IRES-Cre,509779247
Nkx2-1-CreERT2,554779051
Pvalb-IRES-Cre,515302868
Htr3a-Cre_NO152|Pvalb-T2A-Dre,590876255
Pvalb-IRES-Cre,313861411
Pvalb-IRES-Cre,313861539
Pvalb-IRES-Cre,488497498
Pvalb-IRES-Cre,509522358
Sst-IRES-Cre,322515253
Pvalb-IRES-Cre,568790226
Sst-IRES-Cre,488677318
Pvalb-IRES-Cre,466114829
Pvalb-IRES-Cre,572409429
Pvalb-IRES-Cre,484629749
Pvalb-IRES-Cre,579283563
Pvalb-IRES-Cre,488438177
Pvalb-IRES-Cre,484742372
Nkx2-1-CreERT2,561325425
Sst-IRES-Cre,322536988
Sst-IRES-Cre,328031983
Pvalb-IRES-Cre,569720969
Sst-IRES-Cre,488677994
Htr3a-Cre_NO152|Pvalb-T2A-Dre,586379590
Sst-IRES-Cre,475515168
Slc32a1-T2A-FlpO|Vipr2-IRES2-Cre,609713212
Pvalb-IRES-Cre,318543876
Pvalb-IRES-Cre,320466776
Htr3a-Cre_NO152|Pvalb-T2A-Dre,586358539
Pvalb-IRES-Cre,509683388
Nkx2-1-CreERT2,563372842
Pvalb-IRES-Cre,485060618
Pvalb-IRES-Cre,570098371
Sst-IRES-Cre,485061364
Pvalb-IRES-Cre,466245544
Pvalb-IRES-Cre,571379222
Vipr2-IRES2-Cre,569072334
Rorb-IRES2-Cre,488683322
Pvalb-IRES-Cre,478058328
Gng7-Cre_KH71,603739199
Pvalb-IRES-Cre,341459814
Gad2-IRES-Cre,397243949
Pvalb-IRES-Cre,490387590
Pvalb-IRES-Cre,480952106
Pvalb-IRES-Cre,500862585
Oxtr-T2A-Cre,565381304
Pvalb-IRES-Cre,509515969
Sst-IRES-Cre,480171348
Rorb-IRES2-Cre,479772774
Pvalb-IRES-Cre,321016044
Pvalb-IRES-Cre,488687042
Pvalb-IRES-Cre,572376830
Pvalb-IRES-Cre,475549334
Chat-IRES-Cre-neo,531339798
Pvalb-IRES-Cre,320455763
Nos1-CreERT2|Sst-IRES-FlpO,573622646
Pvalb-IRES-Cre,511247944
Pvalb-IRES-Cre,567987585
Slc32a1-T2A-FlpO|Vipr2-IRES2-Cre,593453795
Pvalb-IRES-Cre,318331264
Pvalb-IRES-Cre,477490421
Nr5a1-Cre,482799345
Pvalb-IRES-Cre,579671105
Pvalb-IRES-Cre,570946690
Pvalb-IRES-Cre,475549284
Htr3a-Cre_NO152|Pvalb-T2A-Dre,591420537
Sst-IRES-Cre,324256803
Scnn1a-Tg3-Cre,488450754
Pvalb-IRES-Cre,485053941
Pvalb-IRES-Cre,488685185
Pvalb-IRES-Cre,469610831
Rbp4-Cre_KL100,480714960
Pvalb-IRES-Cre,580639899
Htr3a-Cre_NO152,482644550
Sst-IRES-Cre,324493977
Pvalb-IRES-Cre,396650742
Pvalb-IRES-Cre,318522838
Pvalb-IRES-Cre,341016267
Sst-IRES-Cre,472517038
Scnn1a-Tg2-Cre,483111429
Pvalb-IRES-Cre,487323089
Chrna2-Cre_OE25|Pvalb-T2A-Dre,580895033
Pvalb-IRES-Cre,572609946
Pvalb-IRES-Cre,579282688
Rorb-IRES2-Cre,480640846
Oxtr-T2A-Cre,584670484
Rorb-IRES2-Cre,488681087
Pvalb-IRES-Cre,469801569
Pvalb-IRES-Cre,487359276
Pvalb-T2A-CreERT2,603502705
Rorb-IRES2-Cre,488504814
Pvalb-IRES-Cre,591639922
Pvalb-IRES-Cre,569997187
Pvalb-T2A-FlpO|Vipr2-IRES2-Cre,614777438
Oxtr-T2A-Cre,565462089
Pvalb-IRES-Cre,571715883
Pvalb-IRES-Cre,481127932
Pvalb-IRES-Cre,470062597
Pvalb-IRES-Cre,479225274
Pvalb-IRES-Cre,572609108
Pvalb-IRES-Cre,570931770
Pvalb-IRES-Cre,515296303
Vipr2-IRES2-Cre,580145037
Ntsr1-Cre_GN220,488674910
Pvalb-IRES-Cre,486896849
Pvalb-IRES-Cre,588189066
Pvalb-IRES-Cre,488711144
Sst-IRES-Cre,323452196
Pvalb-IRES-Cre,569998790
Sst-IRES-Cre,473543792
Htr3a-Cre_NO152,481049269
Pvalb-IRES-Cre,481018305
Pvalb-IRES-Cre,485245025
Scnn1a-Tg2-Cre,480011594
Nos1-CreERT2,560738452
Nkx2-1-CreERT2,580857280
Gad2-IRES-Cre,323540736
Slc32a1-T2A-FlpO|Vipr2-IRES2-Cre,609492577
Sst-IRES-Cre,313862134
Pvalb-IRES-Cre,515305346
Rorb-IRES2-Cre,488712472
Ndnf-IRES2-dgCre,564346637
Cux2-CreERT2,516906055
Pvalb-IRES-Cre,469801138
Pvalb-IRES-Cre,491031969
Nkx2-1-CreERT2,566678900
Vipr2-IRES2-Cre,590558808
Pvalb-IRES-Cre,488230133
Pvalb-IRES-Cre,481127348
Htr3a-Cre_NO152|Pvalb-T2A-Dre,580162060
Pvalb-IRES-Cre,574059157
Chat-IRES-Cre-neo,518753555
Sst-IRES-Cre,329322109
Pvalb-IRES-Cre,490386426
Pvalb-IRES-Cre,471077468
Nr5a1-Cre,482658760
Pvalb-IRES-Cre,511244283
Pvalb-IRES-Cre,482516713
Pvalb-IRES-Cre,579290303
Pvalb-IRES-Cre,572375809
Pvalb-IRES-Cre,318556138
Pvalb-IRES-Cre,486754703
Slc32a1-T2A-FlpO|Vipr2-IRES2-Cre,585951863
Sst-IRES-Cre,475132727
Pvalb-IRES-Cre,567901050
Nkx2-1-CreERT2,581020172
Pvalb-IRES-Cre,333604946
Slc32a1-T2A-FlpO|Vipr2-IRES2-Cre,586073850
Sst-IRES-Cre,486352114
Oxtr-T2A-Cre,584215214
Pvalb-IRES-Cre,571379507
Sst-IRES-Cre,329254830
Pvalb-IRES-Cre,475892238
Pvalb-IRES-Cre,574992320
Pvalb-IRES-Cre,336676216
Pvalb-IRES-Cre,567927838
Pvalb-IRES-Cre,480735016
Pvalb-IRES-Cre,574399717
Nkx2-1-CreERT2,580585082
Pvalb-IRES-Cre,500864322
Rorb-IRES2-Cre,488493019
Htr3a-Cre_NO152,481136138
Pvalb-IRES-Cre,469614747
Nkx2-1-CreERT2,581157315
Sst-IRES-Cre,322246422
Pvalb-IRES-Cre,486783119
Pvalb-IRES-Cre,480963429
Pvalb-IRES-Cre,487667205
Pvalb-T2A-FlpO|Vipr2-IRES2-Cre,614767057
Pvalb-IRES-Cre,475895240
Pvalb-IRES-Cre,570932768
Pvalb-IRES-Cre,471085676
Chrna2-Cre_OE25,562381417
Pvalb-IRES-Cre,485253111
Rorb-IRES2-Cre,484571248
Sst-IRES-Cre,504608602
Pvalb-IRES-Cre,487405644
Pvalb-IRES-Cre,569955315
Oxtr-T2A-Cre,565415071
Slc32a1-T2A-FlpO|Vipr2-IRES2-Cre,586078695
Ntsr1-Cre_GN220,490382353
Gad2-IRES-Cre,396968721
Vipr2-IRES2-Cre,579660456
Pvalb-IRES-Cre,321019600
Pvalb-IRES-Cre,320466871
Nkx2-1-CreERT2,606517484
Pvalb-IRES-Cre,486755781
Pvalb-IRES-Cre,396652279
Pvalb-IRES-Cre,486791945
Pvalb-IRES-Cre,475888653
Scnn1a-Tg2-Cre,478888083
Rorb-IRES2-Cre,488496181
Pvalb-IRES-Cre,487537399
Chrna2-Cre_OE25|Pvalb-T2A-Dre,583426723
Pvalb-IRES-Cre,396687610
Pvalb-IRES-Cre,487594856
Slc32a1-T2A-FlpO|Vipr2-IRES2-Cre,585805211
Pvalb-IRES-Cre,598380007
Pvalb-IRES-Cre,322520586
Rorb-IRES2-Cre,488473535
Pvalb-IRES-Cre,569991910
Htr3a-Cre_NO152|Pvalb-T2A-Dre,590932287
Pvalb-IRES-Cre,570081589
Nr5a1-Cre,321923685
Pvalb-IRES-Cre,396274594
Pvalb-IRES-Cre,321023397
Pvalb-IRES-Cre,313861608
Htr3a-Cre_NO152,481099415
Pvalb-IRES-Cre,569955172
